,,,,,,,,,,,,
 ,All Sites,Level 0 Main,Level 1 Main, Level 1 Side,Level 2 Main,University Link,School,University,weekday/end,event,more info,
2015-02-02,694,124,52,12,506,"1,793",1,1,1,0,,
2015-02-03,"3,404",786,225,60,"2,333","3,247",1,1,1,1,"BCU city talks, gok bares all",
2015-02-04,"2,850",668,225,50,"1,907","2,549",1,1,1,0,,
2015-02-05,"3,189",736,132,49,"2,272","2,801",1,1,1,0,,
2015-02-06,"2,575",588,120,38,"1,829","2,311",1,1,1,0,,
2015-02-07,"1,051",251,190,40,570,301,1,1,0,0,,
2015-02-08,662,135,119,11,397,170,1,1,0,0,,
2015-02-09,"3,107",695,156,27,"2,229","2,770",1,1,1,0,,
2015-02-10,"3,261",747,189,29,"2,296","2,985",1,1,1,0,,
2015-02-11,"4,378","2,133",153,43,"2,049","3,226",1,1,1,0,,
2015-02-12,"4,767","2,280",166,23,"2,298","2,467",1,1,1,0,,
2015-02-13,"4,194","2,101",140,20,"1,933","2,118",0,1,1,0,,
2015-02-14,"1,906","1,116",212,47,531,228,0,1,0,0,,
2015-02-15,"1,435",819,70,7,539,151,0,1,0,0,,
2015-02-16,"6,468","3,306",441,27,"2,694","2,866",0,1,1,0,,
2015-02-17,"6,262","3,398",265,53,"2,546","3,071",0,1,1,0,,
2015-02-18,"5,500","3,031",196,48,"2,225","2,369",0,1,1,0,,
2015-02-19,"6,718","3,583",316,59,"2,760","2,486",0,1,1,1,bcu city talks gok bares all,
2015-02-20,"5,684","3,181",253,31,"2,219","2,079",0,1,1,0,,
2015-02-21,"2,725","1,609",290,45,781,389,0,1,0,0,,
2015-02-22,"1,404",565,182,102,555,230,1,1,0,0,,
2015-02-23,"5,348","2,743",215,39,"2,351","2,866",1,1,1,0,,
2015-02-24,"5,380","2,798",230,43,"2,309","3,229",1,1,1,0,,
2015-02-25,"4,669","2,410",296,28,"1,935","2,473",1,1,1,0,,
2015-02-26,"5,004","2,750",249,38,"1,967","2,803",1,1,1,0,,
2015-02-27,"4,480","2,401",327,31,"1,721","2,407",1,1,1,0,,
2015-02-28,"4,333","2,470",410,60,"1,393","2,244",1,1,0,0,,
2015-03-01,"2,267","1,159",249,34,825,294,1,1,0,1,digital frontier alien worlds,
2015-03-02,"5,231","2,777",152,25,"2,277","3,003",1,1,1,1,digital frontier alien worlds,
2015-03-03,"5,314","2,905",205,21,"2,183","3,193",1,1,1,1,digital frontier alien worlds,
2015-03-04,"4,292","2,494",172,17,"1,609","2,604",1,1,1,1,digital frontier alien worlds,
2015-03-05,"4,865","2,767",216,28,"1,854","2,746",1,1,1,1,digital frontier alien worlds,
2015-03-06,"4,212","2,311",253,26,"1,622","2,384",1,1,1,1,digital frontier alien worlds,
2015-03-07,"3,003","1,886",315,82,720,546,1,1,0,1,digital frontier alien worlds,
2015-03-08,"2,182","1,048",258,28,848,444,1,1,0,1,digital frontier alien worlds,
2015-03-09,"5,027","2,772",209,34,"2,012","3,081",1,1,1,1,digital frontier alien worlds,
2015-03-10,"4,951","2,840",192,38,"1,881","2,966",1,1,1,1,digital frontier alien worlds,
2015-03-11,"5,290","2,921",329,51,"1,989","3,650",1,1,1,1,digital frontier alien worlds,
2015-03-12,"4,708","2,669",197,38,"1,804","2,970",1,1,1,1,digital frontier alien worlds,
2015-03-13,"4,432","2,445",286,34,"1,667","2,610",1,1,1,1,digital frontier alien worlds,
2015-03-14,"4,268","2,653",316,113,"1,186","1,935",1,1,0,1,digital frontier alien worlds,
2015-03-15,"1,914","1,093",257,25,539,367,1,1,0,1,digital frontier alien worlds,
2015-03-16,"5,087","2,839",175,27,"2,046","3,135",1,1,1,1,digital frontier alien worlds,
2015-03-17,"5,204","2,949",224,24,"2,007","3,155",1,1,1,1,digital frontier alien worlds,
2015-03-18,"5,240","3,057",273,37,"1,873","2,741",1,1,1,1,digital frontier alien worlds,
2015-03-19,"5,019","2,813",205,23,"1,978","3,128",1,1,1,1,digital frontier alien worlds,
2015-03-20,"6,211","3,720",416,54,"2,021","2,944",1,1,1,1,digital frontier alien worlds,
2015-03-21,"4,003","2,575",384,44,"1,000","1,484",1,0,0,1,digital frontier alien worlds,
2015-03-22,"1,523",962,126,15,420,699,1,0,0,1,digital frontier alien worlds,
2015-03-23,"5,178","3,017",244,18,"1,899","3,187",1,0,1,1,digital frontier alien worlds,
2015-03-24,"5,572","3,262",238,18,"2,054","3,209",1,0,1,1,digital frontier alien worlds,
2015-03-25,"4,965","2,901",268,74,"1,722","2,934",1,0,1,1,digital frontier alien worlds,
2015-03-26,"5,702","3,494",240,77,"1,891","2,867",1,0,1,1,digital frontier alien worlds,
2015-03-27,"3,907","2,326",189,40,"1,352","2,105",1,0,1,1,digital frontier alien worlds,
2015-03-28,"3,962","2,326",329,161,"1,146","2,200",0,0,0,1,digital frontier alien worlds,
2015-03-29,"1,787",926,241,140,480,256,0,0,0,1,digital frontier alien worlds,
2015-03-30,"2,835","1,490",184,136,"1,025","1,110",0,0,1,1,digital frontier alien worlds,
2015-03-31,"2,969","1,665",146,30,"1,128","1,126",0,0,1,1,digital frontier alien worlds,
2015-04-01,"2,687","1,496",140,24,"1,027","1,144",0,1,1,0,,
2015-04-02,"2,642","1,479",234,21,908,"1,005",0,1,1,0,,
2015-04-03,"2,092","1,048",295,33,716,427,0,1,1,0,,
2015-04-04,"1,802",958,265,19,560,200,0,1,0,0,,
2015-04-05,991,655,101,6,229,192,0,1,0,0,,
2015-04-06,"1,771","1,073",159,13,526,448,0,1,1,0,,
2015-04-07,"2,466","1,432",178,27,829,"1,064",0,1,1,0,,
2015-04-08,"2,667","1,588",173,38,868,"1,135",0,1,1,0,,
2015-04-09,"2,570","1,525",137,30,878,"1,135",0,1,1,0,,
2015-04-10,"2,269","1,414",167,43,645,984,0,1,1,0,,
2015-04-11,"1,810","1,138",194,16,462,606,0,1,0,0,,
2015-04-12,977,566,90,15,306,433,0,1,0,0,,
2015-04-13,"2,880","1,879",150,20,831,"1,449",1,1,1,0,,
2015-04-14,"3,351","2,069",164,39,"1,079","1,678",1,1,1,0,,
2015-04-15,"3,364","2,044",226,39,"1,055","1,911",1,1,1,0,,
2015-04-16,"3,555","2,007",252,34,"1,262","2,081",1,1,1,0,,
2015-04-17,"2,932","1,746",193,26,967,"1,713",1,1,1,0,,
2015-04-18,"2,315","1,455",153,26,681,"1,011",1,1,0,0,,
2015-04-19,"1,776",959,132,19,666,814,1,1,0,0,,
2015-04-20,"5,668","3,428",176,26,"2,038","3,831",1,1,1,0,,
2015-04-21,"5,634","3,292",196,29,"2,117","3,858",1,1,1,0,,
2015-04-22,"6,155","3,655",317,43,"2,140","4,190",1,1,1,0,,
2015-04-23,"5,481","3,223",234,24,"2,000","3,513",1,1,1,0,,
2015-04-24,"4,535","2,642",216,46,"1,631","2,994",1,1,1,0,,
2015-04-25,"2,829","1,690",230,35,874,"1,820",1,1,0,0,,
2015-04-26,"1,571",898,115,8,550,937,1,1,0,0,,
2015-04-27,"4,676","2,636",195,19,"1,826","3,229",1,1,1,0,,
2015-04-28,"5,176","3,013",232,40,"1,891","3,288",1,1,1,0,,
2015-04-29,"4,780","2,787",259,22,"1,712","3,055",1,1,1,0,,
2015-04-30,"4,899","2,796",230,27,"1,846","3,339",1,1,1,0,,
2015-05-01,"3,844","2,237",211,24,"1,372","2,539",1,1,1,0,,
2015-05-02,"1,868","1,075",211,22,560,824,1,1,0,0,,
2015-05-03,"2,140","1,068",209,33,830,755,1,1,0,0,,
2015-05-04,"3,210","1,973",186,28,"1,023","1,817",1,1,1,0,,
2015-05-05,"4,555","2,725",261,30,"1,539","2,741",1,1,1,0,,
2015-05-06,"4,086","2,479",182,36,"1,389","2,516",1,1,1,0,,
2015-05-07,"4,490","2,611",225,32,"1,622","2,406",1,1,1,0,,
2015-05-08,"3,821","2,292",162,26,"1,341","2,086",1,1,1,0,,
2015-05-09,"2,226","1,341",326,44,515,854,1,1,0,0,,
2015-05-10,"1,374",824,77,8,465,875,1,1,0,0,,
2015-05-11,"4,307","2,547",201,27,"1,532","2,579",1,1,1,0,,
2015-05-12,"4,374","2,674",213,20,"1,467","2,499",1,1,1,0,,
2015-05-13,"4,359","2,653",243,22,"1,441","2,467",1,1,1,0,,
2015-05-14,"4,072","2,399",146,44,"1,483","2,435",1,1,1,0,,
2015-05-15,"3,789","2,190",239,26,"1,334","2,586",1,1,1,0,,
2015-05-16,"1,931","1,113",281,47,490,732,1,1,0,0,,
2015-05-17,"1,067",647,80,18,322,600,1,1,0,0,,
2015-05-18,"3,242","2,031",193,57,961,"1,653",1,1,1,0,,
2015-05-19,"3,179","1,890",274,18,997,"1,738",1,1,1,0,,
2015-05-20,"3,299","1,933",244,36,"1,086","1,769",1,0,1,0,,
2015-05-21,"3,388","2,061",217,15,"1,095","1,723",1,0,1,0,,
2015-05-22,"2,596","1,530",175,14,877,"1,462",1,0,1,0,,
2015-05-23,"1,435",839,206,23,367,534,1,0,0,0,,
2015-05-24,"1,473",854,147,25,447,436,1,0,0,0,,
2015-05-25,"2,063","1,219",221,26,597,749,1,0,1,0,,
2015-05-26,"3,127","1,705",230,71,"1,121","1,677",1,0,1,0,,
2015-05-27,"3,697","2,247",267,49,"1,134","1,789",1,0,1,0,,
2015-05-28,"3,216","1,787",274,42,"1,113","1,584",1,0,1,0,,
2015-05-29,"3,481","1,964",266,46,"1,205","1,199",1,0,1,0,,
2015-05-30,"1,434",952,156,20,306,365,1,0,0,0,,
2015-05-31,"1,038",617,97,18,306,308,1,0,0,0,,
2015-06-01,"2,438","1,465",204,43,726,"1,218",0,0,1,1,all ears,
2015-06-02,"2,213","1,392",206,22,593,"1,007",0,0,1,1,all ears,
2015-06-03,"2,372","1,496",174,29,673,"1,035",0,0,1,1,all ears,
2015-06-04,"3,052","1,938",286,21,807,"1,198",0,0,1,1,all ears,
2015-06-05,"2,328","1,446",239,19,624,886,0,0,1,1,all ears,
2015-06-06,"1,531",936,298,40,257,255,0,0,0,1,all ears,
2015-06-07,656,475,44,9,128,188,0,0,0,1,all ears,
2015-06-08,"2,443","1,622",146,28,647,"1,299",0,0,1,1,all ears,
2015-06-09,"2,747","1,767",190,19,771,"1,264",1,0,1,1,all ears,
2015-06-10,"2,393","1,562",147,15,669,"1,177",1,0,1,1,all ears,
2015-06-11,"3,121","2,146",234,20,721,"1,083",1,0,1,1,all ears,
2015-06-12,"2,223","1,364",178,41,640,929,1,0,1,1,all ears,
2015-06-13,"1,686",930,261,37,458,280,1,0,0,1,all ears,
2015-06-14,"1,146",711,136,17,282,245,1,0,0,1,all ears,
2015-06-15,"2,236","1,403",205,23,605,"1,045",1,0,1,1,birmingham made me,
2015-06-16,"2,476","1,594",193,43,646,"1,146",1,0,1,1,birmingham made me,
2015-06-17,"3,780","2,271",371,76,"1,062","1,548",1,0,1,1,birmingham made me,
2015-06-18,"2,835","1,802",276,26,731,"1,127",1,0,1,1,birmingham made me,
2015-06-19,"2,068","1,278",185,30,575,921,1,0,1,1,birmingham made me,
2015-06-20,"4,109","2,231",533,309,"1,036","1,693",1,0,0,1,birmingham made me,
2015-06-21,621,396,67,8,150,191,1,0,0,1,anne frank exchiition,
2015-06-22,"2,038","1,301",153,51,533,925,1,0,1,1,anne frank exchiition,
2015-06-23,"2,367","1,455",149,44,719,966,1,0,1,1,anne frank exchiition,
2015-06-24,"2,441","1,547",176,32,686,972,1,0,1,1,anne frank exchiition,
2015-06-25,"2,596","1,513",245,41,797,"1,128",1,0,1,1,anne frank exchiition,
2015-06-26,"2,023","1,158",192,24,649,977,1,0,1,1,anne frank exchiition,
2015-06-27,"1,571",911,232,49,379,489,1,0,0,1,anne frank exchiition,
2015-06-28,914,544,66,14,290,360,1,0,0,1,anne frank exchiition,
2015-06-29,"2,493","1,684",177,35,597,"1,137",1,0,1,1,anne frank exchiition,
2015-06-30,"2,209","1,370",178,68,593,"1,060",1,0,1,1,anne frank exchiition,
2015-07-01,"2,665","1,599",188,36,842,"1,133",1,0,1,1,anne frank exchiition,
2015-07-02,"2,949","1,724",210,60,955,"1,055",1,0,1,1,anne frank exchiition,
2015-07-03,"2,641","1,700",131,14,796,788,1,0,1,1,anne frank exchiition,
2015-07-04,"1,544",909,223,170,242,157,1,0,0,1,anne frank exchiition,
2015-07-05,"1,080",572,149,167,192,0,1,0,0,1,anne frank exchiition,
2015-07-06,"2,119","1,276",174,88,581,717,1,0,1,1,anne frank exchiition,
2015-07-07,"2,380","1,538",203,43,596,782,1,0,1,1,anne frank exchiition,
2015-07-08,"1,941","1,310",96,16,519,718,1,0,1,1,anne frank exchiition,
2015-07-09,"2,132","1,441",100,9,582,725,1,0,1,1,anne frank exchiition,
2015-07-10,"1,800","1,071",183,99,447,551,1,0,1,1,anne frank exchiition,
2015-07-11,"1,143",716,201,19,207,134,1,0,0,1,anne frank exchiition,
2015-07-12,753,447,84,15,207,1,1,0,0,1,anne frank exchiition,
2015-07-13,"1,767","1,015",111,17,624,688,1,0,1,1,anne frank exchiition,
2015-07-14,"1,972","1,146",148,20,658,725,1,0,1,1,anne frank exchiition,
2015-07-15,"1,936","1,265",105,18,548,736,1,0,1,1,anne frank exchiition,
2015-07-16,"1,560",937,103,21,499,665,1,0,1,0,,
2015-07-17,"1,519",861,189,8,461,613,1,0,1,0,,
2015-07-18,788,544,69,6,169,111,1,0,0,0,,
2015-07-19,785,548,95,14,128,4,1,0,0,0,,
2015-07-20,"1,470",796,104,15,555,633,1,0,1,0,,
2015-07-21,"1,722",988,130,6,598,635,1,0,1,0,,
2015-07-22,"1,851","1,017",123,26,685,571,1,0,1,0,,
2015-07-23,"1,733",988,130,13,602,575,1,0,1,0,,
2015-07-24,"1,845",983,139,13,710,491,0,0,1,0,,
2015-07-25,904,556,70,18,260,102,0,0,0,0,,
2015-07-26,"1,142",394,226,21,501,5,0,0,0,0,,
2015-07-27,"1,920",934,163,28,795,622,0,0,1,0,,
2015-07-28,"2,025","1,052",199,21,753,659,0,0,1,0,,
2015-07-29,"2,085","1,097",160,22,806,612,0,0,1,0,,
2015-07-30,"1,954","1,086",162,26,680,570,0,0,1,0,,
2015-07-31,"1,833","1,133",147,27,526,425,0,0,1,0,,
2015-08-01,918,593,70,10,245,68,0,0,0,0,,
2015-08-02,632,392,107,10,123,1,0,0,0,0,,
2015-08-03,"1,640",933,134,18,555,503,0,0,1,0,,
2015-08-04,"1,738",930,164,22,622,462,0,0,1,0,,
2015-08-05,"1,825","1,036",172,20,597,440,0,0,1,0,,
2015-08-06,"1,922","1,000",148,46,728,436,0,0,1,0,,
2015-08-07,"1,646",829,190,25,602,392,0,0,1,0,,
2015-08-08,915,557,104,13,241,58,0,0,0,0,,
2015-08-09,581,336,98,7,140,1,0,0,0,0,,
2015-08-10,"1,599",882,145,24,548,437,0,0,1,0,,
2015-08-11,"1,616",979,127,24,486,492,0,0,1,0,,
2015-08-12,"1,857","1,153",122,25,557,531,0,0,1,0,,
2015-08-13,"1,710",953,126,26,605,480,0,0,1,0,,
2015-08-14,"1,970",979,193,32,766,369,0,0,1,0,,
2015-08-15,"1,114",730,90,10,284,227,0,0,0,0,,
2015-08-16,655,401,116,5,133,0,0,0,0,0,,
2015-08-17,"1,552",896,154,19,483,412,0,0,1,0,,
2015-08-18,"1,524",870,171,21,462,496,0,0,1,0,,
2015-08-19,"1,801",997,193,15,596,495,0,0,1,0,,
2015-08-20,"1,726",908,179,36,603,456,0,0,1,0,,
2015-08-21,"1,603",836,182,24,561,375,0,0,1,0,,
2015-08-22,"1,036",643,125,13,255,112,0,0,0,1,Hidden exhibition,
2015-08-23,936,486,132,12,306,0,0,0,0,1,hiddden exhibiion,
2015-08-24,"1,742",951,144,65,582,432,0,0,1,0,,
2015-08-25,"2,136","1,102",190,86,758,524,0,0,1,0,,
2015-08-26,"2,155","1,204",193,62,696,490,0,0,1,0,,
2015-08-27,"2,259","1,286",232,76,665,601,0,0,1,0,,
2015-08-28,"1,722","1,005",189,34,494,411,0,0,1,0,,
2015-08-29,984,663,119,17,185,142,0,0,0,0,,
2015-08-30,998,474,194,20,310,0,0,0,0,0,,
2015-08-31,"2,485",790,488,100,"1,107",24,0,0,1,0,,
2015-09-01,"1,764",980,147,31,606,531,0,0,1,0,,
2015-09-02,"1,820","1,003",178,29,610,580,0,0,1,0,,
2015-09-03,"1,527",941,159,19,408,398,1,0,1,0,,
2015-09-04,"1,376",749,148,31,448,472,1,0,1,0,,
2015-09-05,"1,210",842,141,17,210,151,1,0,0,0,,
2015-09-06,610,426,71,5,108,0,1,0,0,0,,
2015-09-07,"1,614",953,124,39,498,648,1,0,1,0,,
2015-09-08,"1,853","1,058",127,128,540,957,1,0,1,0,,
2015-09-09,"1,808","1,108",153,40,507,720,1,0,1,0,,
2015-09-10,"1,807","1,059",156,51,541,635,1,0,1,0,,
2015-09-11,"1,591","1,061",133,28,369,438,1,0,1,0,,
2015-09-12,"3,609","2,800",364,54,391,130,1,0,0,1,birmingham independent food fair,
2015-09-13,"2,339","1,741",308,22,268,0,1,0,0,1,birmingham independent food fair,
2015-09-14,"1,794","1,230",136,38,390,927,1,0,1,0,,
2015-09-15,"1,773","1,145",109,34,485,680,1,0,1,0,,
2015-09-16,"1,861","1,247",135,49,430,838,1,0,1,0,,
2015-09-17,"2,073","1,440",119,45,469,973,1,0,1,0,,
2015-09-18,"1,915","1,280",138,26,471,843,1,0,1,0,,
2015-09-19,"1,341",848,188,30,275,165,1,0,0,0,,
2015-09-20,799,540,93,4,162,0,1,0,0,0,,
2015-09-21,"4,850","3,484",284,77,"1,005","3,832",1,1,1,0,,
2015-09-22,"4,624","3,689",255,55,625,"3,469",1,1,1,0,,
2015-09-23,"5,679","4,322",518,72,767,"1,783",1,1,1,0,,
2015-09-24,"4,174","3,163",173,75,763,"3,090",1,1,1,0,,
2015-09-25,"3,120","2,271",165,36,648,"1,527",1,1,1,0,,
2015-09-26,"1,543","1,059",188,23,273,158,1,1,0,0,,
2015-09-27,"1,032",720,107,41,164,0,1,1,0,0,,
2015-09-28,"6,435","4,636",295,40,"1,464","4,556",1,1,1,0,,
2015-09-29,"6,754","4,783",342,53,"1,576","4,078",1,1,1,0,,
2015-09-30,"4,050","3,037",217,22,774,"2,080",1,1,1,1,digital frontier: robots,
2015-10-01,"6,085","4,442",317,60,"1,266","3,788",1,1,1,1,dispora britain exhibition,
2015-10-02,"4,960","3,553",228,36,"1,143","2,937",1,1,1,1,diaspora britain exhibition,
2015-10-03,"4,442","2,956",811,127,548,"1,522",1,1,0,1,diaspora britain exhibition,
2015-10-04,785,554,91,8,132,57,1,1,0,1,diaspora britain exhibition,
2015-10-05,"5,711","4,156",207,28,"1,320","3,419",1,1,1,1,diaspora britain exhibition,
2015-10-06,"6,248","4,470",266,58,"1,454","3,545",1,1,1,1,diaspora britain exhibition,
2015-10-07,"3,964","2,845",199,40,880,"1,956",1,1,1,1,diaspora britain exhibition,
2015-10-08,"5,572","4,076",229,41,"1,226","3,161",1,1,1,1,diaspora britain exhibition,
2015-10-09,"4,430","3,051",236,27,"1,116","2,323",1,1,1,1,diaspora britain exhibition,
2015-10-10,"3,664","2,409",503,38,714,159,1,1,0,1,diaspora britain exhibition,
2015-10-11,"4,282","2,686",840,80,676,66,1,1,0,1,diaspora britain exhibition,
2015-10-12,"5,255","3,696",269,33,"1,257","3,193",1,1,1,1,diaspora britain exhibition,
2015-10-13,"5,963","4,310",202,40,"1,411","3,350",1,1,1,1,diaspora britain exhibition,
2015-10-14,"3,818","2,724",206,50,838,"2,098",1,1,1,1,diaspora britain exhibition,
2015-10-15,"5,604","3,869",337,40,"1,358","3,242",1,1,1,1,diaspora britain exhibition,
2015-10-16,"4,925","3,587",182,22,"1,134","2,514",1,1,1,1,diaspora britain exhibition,
2015-10-17,"1,396",883,186,21,306,205,1,1,0,1,diaspora britain exhibition,
2015-10-18,955,584,137,8,226,131,1,1,0,1,diaspora britain exhibition,
2015-10-19,"5,218","3,670",236,22,"1,290","3,116",1,1,1,1,diaspora britain exhibition,
2015-10-20,"5,265","3,710",217,22,"1,316","3,100",1,1,1,1,diaspora britain exhibition,
2015-10-21,"3,931","2,696",206,20,"1,009","2,022",1,1,1,1,diaspora britain exhibition,
2015-10-22,"4,713","3,266",231,33,"1,183","2,900",1,1,1,1,diaspora britain exhibition,
2015-10-23,"4,771","3,341",238,18,"1,174","2,451",1,1,1,1,diaspora britain exhibition,
2015-10-24,"1,721",952,238,47,484,185,1,1,0,1,diaspora britain exhibition,
2015-10-25,"1,118",709,134,20,255,132,1,1,0,1,diaspora britain exhibition,
2015-10-26,"5,494","3,739",198,33,"1,524","2,876",0,1,1,1,diaspora britain exhibition,
2015-10-27,"6,336","4,308",249,37,"1,742","3,105",0,1,1,1,diaspora britain exhibition,
2015-10-28,"4,458","3,015",229,41,"1,173","1,816",0,1,1,1,diaspora britain exhibition,
2015-10-29,"6,080","4,124",234,42,"1,680","2,977",0,1,1,1,diaspora britain exhibition,
2015-10-30,"5,396","3,707",237,20,"1,432","2,174",0,1,1,1,diaspora britain exhibition,
2015-10-31,937,635,116,18,168,142,0,1,0,1,diaspora britain exhibition,
2015-11-01,"1,220",914,172,14,120,148,1,1,0,1,world craft fair,
2015-11-02,"3,447","2,545",185,28,689,"1,616",1,1,1,0,,
2015-11-03,"4,232","3,242",176,41,773,"1,790",1,1,1,0,,
2015-11-04,"4,009","3,035",190,36,748,"1,574",1,1,1,1,birmingham city university bsiness and finance jobs fair,
2015-11-05,"4,105","3,049",161,26,869,"1,662",1,1,1,0,,
2015-11-06,"3,589","2,742",172,33,642,"1,191",1,1,1,0,,
2015-11-07,"1,384",856,234,19,275,180,1,1,0,0,,
2015-11-08,857,526,99,23,209,175,1,1,0,0,,
2015-11-09,"5,071","3,545",179,93,"1,254","2,921",1,1,1,1,digital frontiers: shout,
2015-11-10,"5,566","3,932",204,49,"1,381","3,077",1,1,1,1,digital frontiers: shout,
2015-11-11,"3,699","2,486",208,57,948,"1,923",1,1,1,1,digital frontiers: shout,
2015-11-12,"4,942","3,409",243,38,"1,252","2,840",1,1,1,1,digital frontiers: shout,
2015-11-13,"4,303","3,052",169,20,"1,062","2,200",1,1,1,1,digital frontiers: shout,
2015-11-14,"5,539","3,545","1,039",202,753,"1,989",1,1,0,1,digital frontiers: shout,
2015-11-15,985,562,114,24,285,222,1,1,0,1,digital frontiers: shout,
2015-11-16,"4,731","3,222",252,41,"1,216","2,929",1,1,1,1,digital frontiers: shout,
2015-11-17,"5,973","4,141",370,72,"1,390","3,022",1,1,1,1,digital frontiers: shout,
2015-11-18,"4,045","2,852",255,54,884,"1,838",1,1,1,1,digital frontiers: shout,
2015-11-19,"4,877","3,518",262,52,"1,045","2,735",1,1,1,1,digital frontiers: shout,
2015-11-20,"3,990","2,779",190,34,987,"2,094",1,1,1,1,digital frontiers: shout,
2015-11-21,"1,293",751,237,50,255,229,1,1,0,1,digital frontiers: shout,
2015-11-22,"1,659",497,531,387,244,158,1,1,0,1,digital frontiers: shout,
2015-11-23,"4,414","2,929",203,28,"1,254","2,708",1,1,1,0,,
2015-11-24,"5,012","3,555",214,38,"1,205","2,814",1,1,1,0,,
2015-11-25,"4,100","2,909",243,39,909,"1,979",1,1,1,1,birmingham city university postgraduate open day,
2015-11-26,"5,264","3,851",221,26,"1,166","2,862",1,1,1,0,,
2015-11-27,"3,878","2,748",196,19,915,"1,926",1,1,1,0,,
2015-11-28,"1,381",921,172,31,257,204,1,1,0,0,,
2015-11-29,826,447,117,20,242,133,1,1,0,0,,
2015-11-30,"4,759","3,344",179,72,"1,164","2,706",1,1,1,0,,
2015-12-01,"4,784","3,270",236,60,"1,218","2,784",1,1,1,0,,
2015-12-02,"3,278","2,281",204,23,770,"1,754",1,1,1,0,,
2015-12-03,"4,878","3,549",174,58,"1,097","2,800",1,1,1,0,,
2015-12-04,"3,621","2,492",184,58,887,"2,001",1,1,1,0,,
2015-12-05,"1,217",736,217,25,239,286,1,1,0,0,,
2015-12-06,740,477,91,9,163,275,1,1,0,0,,
2015-12-07,"4,547","3,208",196,18,"1,125","2,789",1,1,1,0,,
2015-12-08,"4,441","3,029",227,38,"1,147","2,802",1,1,1,0,,
2015-12-09,"3,641","2,460",213,48,920,"2,134",1,1,1,0,,
2015-12-10,"5,240","3,800",207,42,"1,191","2,565",1,1,1,0,,
2015-12-11,"4,206","3,080",146,40,940,"1,859",1,1,1,0,,
2015-12-12,"1,350",802,173,129,246,245,1,1,0,0,,
2015-12-13,"1,176",606,188,120,262,271,1,1,0,0,,
2015-12-14,"4,248","2,910",246,87,"1,005","2,382",1,1,1,0,,
2015-12-15,"4,327","3,106",219,16,986,"2,292",1,1,1,1,Millennium point to host live space launch,
2015-12-16,"3,091","2,230",214,20,627,"1,495",1,1,1,0,,
2015-12-17,"3,386","2,364",175,32,815,"1,860",1,1,1,0,,
2016-01-10,857,462,130,21,244,0,1,0,1,0,,
2016-01-11,"3,951","2,684",139,25,"1,103","2,486",1,0,0,0,,
2016-01-12,"3,633","2,471",171,27,964,"2,256",1,0,0,0,,
2016-01-13,"2,957","1,992",169,19,777,"1,610",1,0,1,0,,
2016-01-14,"3,622","2,558",119,16,929,"2,294",1,0,1,0,,
2016-01-15,"2,942","2,010",119,19,794,"1,651",1,0,1,0,,
2016-01-16,"1,381",877,81,14,409,328,1,0,1,0,,
2016-01-17,978,503,148,32,295,294,1,0,1,0,,
2016-01-18,"3,733","2,628",121,23,961,"2,128",1,0,0,0,,
2016-01-19,"3,272","2,189",129,28,926,"1,974",1,0,0,0,,
2016-01-20,"3,049","1,992",134,20,903,"1,699",1,0,1,0,,
2016-01-21,"3,545","2,422",152,71,900,"1,722",1,0,1,0,,
2016-01-22,"2,962","2,056",152,13,741,"1,197",1,0,1,0,,
2016-01-23,"1,576",924,250,2,400,220,1,0,1,0,,
2016-01-24,964,452,175,1,336,129,1,0,1,0,,
2016-01-25,"3,676","2,652",206,4,814,"1,558",1,1,0,0,,
2016-01-26,"3,812","2,811",196,2,803,"1,378",1,1,0,0,,
2016-01-27,"3,196","2,287",193,8,708,"1,229",1,1,1,0,,
2016-01-28,"3,480","2,595",172,2,711,"1,318",1,1,1,0,,
2016-01-29,"3,162","2,293",208,1,660,"1,017",1,1,1,0,,
2016-01-30,"2,747","1,640",405,4,698,"1,197",1,1,1,0,,
2016-01-31,"1,240",573,227,0,440,251,1,1,1,0,,
2016-02-01,"4,944","3,777",155,0,"1,012","2,431",1,1,0,0,,
2016-02-02,"5,596","3,993",213,2,"1,388","2,746",1,1,0,0,,
2016-02-03,"3,974","2,920",204,2,848,"1,917",1,1,1,0,,
2016-02-04,"5,049","3,743",147,2,"1,157","2,458",1,1,1,0,,
2016-02-05,"4,320","3,186",184,4,946,"1,841",1,1,1,0,,
2016-02-06,"2,433","1,493",345,1,594,238,1,1,1,0,,
2016-02-07,"2,475","1,598",250,1,626,156,1,1,1,0,,
2016-02-08,"4,783","3,467",161,1,"1,154","2,329",1,1,0,0,,
2016-02-09,"5,359","3,753",231,0,"1,375","2,611",1,1,0,0,,
2016-02-10,"3,921","2,781",217,3,920,"1,821",1,1,1,0,,
2016-02-11,"4,636","3,336",164,2,"1,134","2,464",1,1,1,0,,
2016-02-12,"3,991","2,779",192,0,"1,020","1,770",1,1,1,0,,
2016-02-13,"1,678","1,087",224,0,367,221,0,1,1,0,,
2016-02-14,"1,333",826,136,2,369,121,0,1,1,0,,
2016-02-15,"5,653","3,901",221,3,"1,528","2,186",0,1,0,0,,
2016-02-16,"6,036","4,099",260,3,"1,674","2,449",0,1,0,0,,
2016-02-17,"5,517","3,688",292,9,"1,528","1,880",0,1,1,0,,
2016-02-18,"6,299","4,363",329,37,"1,570","2,226",0,1,1,1,Langar on campus,
2016-02-19,"5,820","3,867",320,62,"1,571","1,631",0,1,1,0,,
2016-02-20,"2,879","1,901",305,36,637,935,0,1,1,0,,
2016-02-21,"1,422",885,176,16,345,139,1,1,1,0,,
2016-02-22,"5,044","3,653",208,20,"1,163","2,405",1,1,0,1,9 degrees of seperation,
2016-02-23,"5,350","3,903",177,18,"1,252","2,448",1,1,0,1,10 degrees of seperation,
2016-02-24,"4,173","3,010",179,25,959,"2,102",1,1,1,1,11 degrees of seperation,
2016-02-25,"4,904","3,566",176,22,"1,140","2,311",1,1,1,1,12 degrees of seperation,
2016-02-26,"4,168","3,049",128,6,985,"1,716",1,1,1,1,13 degrees of seperation,
2016-02-27,"2,552","1,598",321,90,543,877,1,1,1,1,14 degrees of seperation,
2016-02-28,871,581,95,13,182,109,1,1,1,0,,
2016-02-29,"3,775","2,806",206,12,751,"1,597",1,1,0,0,,
2016-03-01,"3,831","2,734",183,43,871,"1,449",1,1,0,0,,
2016-03-02,"4,123","2,903",247,60,913,"1,889",1,1,1,1,"bcu computing, engineering and built environmentl recruitment fair",
2016-03-03,"3,505","2,435",288,26,756,"1,344",1,1,1,0,,
2016-03-04,"3,449","2,660",163,23,603,"1,102",1,1,1,0,,
2016-03-05,"1,615",978,254,62,321,290,1,1,1,0,,
2016-03-06,747,468,93,21,165,81,1,1,1,0,,
2016-03-07,"4,346","3,238",150,19,939,"2,252",1,1,0,0,,
2016-03-08,"4,746","3,342",173,22,"1,209","2,452",1,1,0,0,,
2016-03-09,"4,120","2,968",206,36,910,"2,111",1,1,1,0,,
2016-03-10,"4,466","3,123",198,26,"1,119","2,397",1,1,1,0,,
2016-03-11,"4,004","2,833",153,14,"1,004","1,711",1,1,1,0,,
2016-03-12,"1,495","1,035",175,23,262,237,1,1,1,0,,
2016-03-13,832,588,87,12,145,180,1,1,1,0,,
2016-03-14,"4,502","3,228",198,21,"1,055","2,351",1,1,0,0,,
2016-03-15,"5,324","3,868",243,20,"1,193","2,273",1,1,0,1,eu debate,
2016-03-16,"4,692","3,398",251,32,"1,011","1,831",1,1,1,1,welcome image awards exhibition,
2016-03-17,"4,458","3,140",257,18,"1,043","2,105",1,1,1,1,welcome image awards exhibition,
2016-03-18,"3,946","2,897",188,39,822,"1,561",1,1,1,1,welcome image awards exhibition,
2016-03-19,"1,992","1,218",304,9,461,900,1,1,1,1,welcome image awards exhibition,
2016-03-20,844,591,72,10,171,0,1,1,1,1,welcome image awards exhibition,
2016-03-21,"2,091","1,470",139,11,471,760,1,0,0,1,welcome image awards exhibition,
2016-03-22,"2,405","1,696",127,19,563,876,1,0,0,1,welcome image awards exhibition,
2016-03-23,"2,818","2,034",266,20,498,783,1,0,1,1,welcome image awards exhibition,
2016-03-24,"2,179","1,499",133,23,524,748,1,0,1,1,welcome image awards exhibition,
2016-03-25,"1,379",980,128,25,246,0,0,0,1,1,welcome image awards exhibition,
2016-03-26,"1,987","1,124",310,45,508,8,0,0,1,1,welcome image awards exhibition,
2016-03-27,"1,205",783,151,12,259,0,0,0,1,1,welcome image awards exhibition,
2016-03-28,"2,239","1,255",265,26,693,14,0,0,0,1,welcome image awards exhibition,
2016-03-29,"2,665","1,765",141,20,739,623,0,0,0,1,welcome image awards exhibition,
2016-03-30,"2,145","1,453",112,21,559,612,0,0,1,1,welcome image awards exhibition,
2016-03-31,"2,260","1,585",112,16,547,663,0,0,1,1,welcome image awards exhibition,
2016-04-01,"1,959","1,287",158,29,485,558,0,1,1,1,welcome image awards exhibition,
2016-04-02,"1,753","1,065",150,196,342,130,0,1,1,1,welcome image awards exhibition,
2016-04-03,"1,122",696,108,109,209,0,0,1,1,1,welcome image awards exhibition,
2016-04-04,"4,179","2,815",154,58,"1,152","1,868",0,1,0,1,welcome image awards exhibition,
2016-04-05,"4,099","2,781",164,31,"1,123","2,041",0,1,0,1,welcome image awards exhibition,
2016-04-06,"3,673","2,485",172,15,"1,001","1,517",0,1,1,1,welcome image awards exhibition,
2016-04-07,"4,394","2,898",176,28,"1,292","1,911",0,1,1,1,welcome image awards exhibition,
2016-04-08,"3,868","2,584",198,22,"1,064","1,555",0,1,1,1,welcome image awards exhibition,
2016-04-09,"1,933","1,384",183,71,295,187,0,1,1,1,welcome image awards exhibition,
2016-04-10,803,539,92,17,155,0,0,1,1,1,welcome image awards exhibition,
2016-04-11,"4,311","3,039",151,18,"1,103","2,396",1,1,0,0,,
2016-04-12,"4,233","2,920",149,27,"1,137","2,415",1,1,0,0,,
2016-04-13,"3,290","2,343",130,15,802,"1,677",1,1,1,0,,
2016-04-14,"3,988","2,776",179,21,"1,012","2,219",1,1,1,0,,
2016-04-15,"3,700","2,575",184,22,919,"1,689",1,1,1,0,,
2016-04-16,"1,735","1,248",137,19,331,239,1,1,1,0,,
2016-04-17,796,567,70,3,156,190,1,1,1,0,,
2016-04-18,"3,077","2,249",139,26,663,"1,517",1,1,0,1,boris labbe: rhizome,
2016-04-19,"3,723","2,795",160,16,752,"1,802",1,1,0,1,boris labbe: rhizome,
2016-04-20,"4,214","3,140",276,27,771,"1,941",1,1,1,1,boris labbe: rhizome,
2016-04-21,"3,334","2,467",157,23,687,"1,618",1,1,1,1,boris labbe: rhizome,
2016-04-22,"2,812","2,055",133,16,608,"1,191",1,1,1,1,boris labbe: rhizome,
2016-04-23,"1,518","1,004",191,61,262,330,1,1,1,1,boris labbe: rhizome,
2016-04-24,876,601,86,6,183,222,1,1,1,1,boris labbe: rhizome,
2016-04-25,"4,055","2,851",124,22,"1,058","2,324",1,1,0,0,,
2016-04-26,"4,533","3,265",133,22,"1,113","2,555",1,1,0,0,,
2016-04-27,"3,627","2,560",124,29,914,"2,190",1,1,1,0,,
2016-04-28,"4,361","3,003",168,33,"1,157","2,614",1,1,1,0,,
2016-04-29,"3,348","2,334",129,18,867,"1,666",1,1,1,0,,
2016-04-30,"1,917","1,374",177,25,341,295,1,1,1,0,,
2016-05-01,"1,606","1,021",198,18,369,241,1,1,1,0,,
2016-05-02,"2,568","1,515",223,51,779,46,1,1,0,0,,
2016-05-03,"4,186","2,867",137,20,"1,162","2,620",1,1,0,0,,
2016-05-04,"4,146","2,912",213,12,"1,009","2,361",1,1,1,0,,
2016-05-05,"4,352","3,114",185,19,"1,034","2,333",1,1,1,0,,
2016-05-06,"3,631","2,578",142,6,905,"1,772",1,1,1,0,,
2016-05-07,"1,350",910,152,37,251,371,1,1,1,0,,
2016-05-08,858,631,60,11,156,331,1,1,1,0,,
2016-05-09,"4,030","2,938",305,133,654,"2,236",1,1,0,0,,
2016-05-10,"4,157","2,827",136,38,"1,156","2,442",1,1,0,0,,
2016-05-11,"3,660","2,557",275,56,772,"2,097",1,1,1,0,,
2016-05-12,"4,407","3,024",185,23,"1,175","2,404",1,1,1,0,,
2016-05-13,"3,548","2,519",78,161,790,"1,584",1,1,1,0,,
2016-05-14,"1,591","1,091",33,159,308,433,1,1,1,0,,
2016-05-15,869,577,9,62,221,426,1,1,1,0,,
2016-05-16,"3,774","2,659",45,115,955,"2,145",1,1,0,0,,
2016-05-17,"4,161","2,792",149,86,"1,134","2,381",1,1,0,0,,
2016-05-18,"3,297","2,288",90,22,897,"1,914",1,1,1,0,,
2016-05-19,"3,710","2,508",127,21,"1,054","2,313",1,1,1,0,,
2016-05-20,"3,068","2,177",106,17,768,"1,385",1,0,1,0,,
2016-05-21,"1,629","1,059",174,73,323,362,1,0,1,0,,
2016-05-22,"1,125",733,84,22,286,360,1,0,1,0,,
2016-05-23,"3,432","2,292",135,32,973,"1,815",1,0,0,0,,
2016-05-24,"3,407","2,329",161,25,892,"1,686",1,0,0,0,,
2016-05-25,"3,134","2,132",209,30,763,"1,553",1,0,1,1,fuel cell and hydrogen tech conference,
2016-05-26,"2,872","1,976",155,23,718,"1,355",1,0,1,1,fuel cell and hydrogen tech conference,
2016-05-27,"2,545","1,825",111,25,584,"1,041",1,0,1,0,,
2016-05-28,"1,012",677,116,21,198,226,0,0,1,0,,
2016-05-29,699,481,52,7,159,166,0,0,1,0,,
2016-05-30,"1,024",616,95,25,288,1,0,0,0,1,space for art,
2016-05-31,"2,796","1,905",157,28,706,"1,207",0,0,0,1,space of art,
2016-06-01,"2,703","1,657",243,28,775,789,0,0,1,1,space of art,
2016-06-02,"2,457","1,611",160,22,664,786,0,0,1,1,space of art,
2016-06-03,"2,513","1,730",222,42,519,943,0,0,1,1,bcu innovation vest,
2016-06-04,"1,190",747,210,21,212,137,0,0,1,1,birmingham bigart project,
2016-06-05,906,671,96,16,123,68,0,0,1,0,,
2016-06-06,"2,005","1,450",135,30,390,706,1,0,0,0,,
2016-06-07,"2,064","1,530",108,50,376,640,1,0,0,0,,
2016-06-08,"2,126","1,582",129,44,371,723,1,0,1,0,,
2016-06-09,"2,001","1,459",120,25,397,694,1,0,1,0,,
2016-06-10,"2,253","1,728",166,18,341,604,1,0,1,1,pulp fiction,
2016-06-11,"5,149","3,450","1,193",65,441,"1,234",1,0,1,0,,
2016-06-12,782,422,97,40,223,134,1,0,1,0,,
2016-06-13,"2,062","1,455",150,43,414,691,1,0,0,0,,
2016-06-14,"2,374","1,625",160,71,518,658,1,0,0,0,,
2016-06-15,"2,487","1,684",133,40,630,830,1,0,1,0,,
2016-06-16,"2,071","1,504",111,32,424,639,1,0,1,0,,
2016-06-17,"1,838","1,347",113,25,353,571,1,0,1,0,,
2016-06-18,"1,186",756,167,53,210,138,1,0,1,0,,
2016-06-19,655,416,98,12,129,50,1,0,1,0,,
2016-06-20,"2,010","1,403",142,30,435,526,1,0,0,0,,
2016-06-21,"1,940","1,431",113,21,375,536,1,0,0,0,,
2016-06-22,"1,947","1,449",115,27,356,586,1,0,1,0,,
2016-06-23,"2,396","1,854",136,24,382,585,1,0,1,0,,
2016-06-24,"1,586","1,195",112,14,265,416,1,0,1,0,,
2016-06-25,"1,467",960,174,139,194,100,1,0,1,0,,
2016-06-26,951,531,115,136,169,1,1,0,1,0,,
2016-06-27,"1,848","1,197",172,153,326,557,1,0,0,0,,
2016-06-28,"2,677","1,840",291,47,499,748,1,0,0,1,bcu stem exhibition,
2016-06-29,"1,596","1,069",85,43,399,569,1,0,1,0,,
2016-06-30,"1,820","1,252",144,50,374,570,1,0,1,0,,
2016-07-01,"1,488","1,077",79,17,315,468,1,0,1,0,,
2016-07-02,"1,461","1,041",166,14,240,250,1,0,1,0,,
2016-07-03,565,398,68,13,86,0,1,0,1,0,,
2016-07-04,"1,942","1,494",88,31,329,584,1,0,0,0,,
2016-07-05,"1,610","1,122",108,28,352,559,1,0,0,0,,
2016-07-06,"1,610","1,178",118,19,295,438,1,0,1,0,,
2016-07-07,"2,024","1,479",139,23,383,666,1,0,1,0,,
2016-07-08,"1,531","1,113",89,25,304,419,1,0,1,0,,
2016-07-09,"1,268",857,141,23,247,79,1,0,1,0,,
2016-07-10,748,541,36,16,155,0,1,0,1,0,,
2016-07-11,"2,086","1,505",117,52,412,799,1,0,0,1,bcu pictre this,
2016-07-12,"2,019","1,371",160,59,429,602,1,0,0,1,bcu pictre this,
2016-07-13,"2,273","1,458",325,38,452,568,1,0,1,1,bcu pictre this,
2016-07-14,"1,848","1,414",107,44,283,523,1,0,1,1,bcu pictre this,
2016-07-15,"1,416","1,072",54,36,254,461,1,0,1,1,bcu pictre this,
2016-07-16,900,658,77,35,130,55,1,0,1,1,bcu pictre this,
2016-07-17,605,467,50,8,80,0,1,0,1,1,bcu pictre this,
2016-07-18,"1,654","1,216",72,33,333,696,1,0,0,1,bcu pictre this,
2016-07-19,"1,755","1,176",128,38,413,550,1,0,0,1,bcu pictre this,
2016-07-20,"2,179","1,585",137,28,429,681,1,0,1,1,bcu pictre this,
2016-07-21,"2,185","1,674",100,24,387,808,1,0,1,1,the big read,
2016-07-22,"1,611","1,152",106,22,331,544,1,0,1,1,the big read,
2016-07-23,932,772,60,9,91,75,0,0,1,1,the big read,
2016-07-24,686,525,49,17,95,0,0,0,1,1,the big read,
2016-07-25,"1,768","1,200",99,31,438,694,0,0,0,1,the big read,
2016-07-26,"1,893","1,261",135,38,459,722,0,0,0,1,the big read,
2016-07-27,"2,079","1,308",109,36,626,697,0,0,1,1,the big read,
2016-07-28,"1,931","1,173",166,33,559,571,0,0,1,1,the big read,
2016-07-29,"1,715","1,131",163,18,403,544,0,0,1,1,the big read,
2016-07-30,690,520,50,22,98,68,0,0,1,1,the big read,
2016-07-31,529,375,36,18,100,0,0,0,1,1,the big read,
2016-08-01,"1,969","1,392",107,43,427,556,0,0,0,1,the big read,
2016-08-02,"1,949","1,165",125,43,616,576,0,0,0,1,the big read,
2016-08-03,"1,801","1,204",111,34,452,515,0,0,1,1,the big read,
2016-08-04,"1,657","1,128",139,30,360,450,0,0,1,1,the big read,
2016-08-05,"1,682","1,169",136,20,357,459,0,0,1,1,the big read,
2016-08-06,798,618,55,10,115,82,0,0,1,1,the big read,
2016-08-07,563,369,70,15,109,0,0,0,1,1,the big read,
2016-08-08,"1,332",939,104,23,266,425,0,0,0,1,the big read,
2016-08-09,"1,641","1,094",95,36,416,446,0,0,0,1,the big read,
2016-08-10,"1,605","1,020",160,53,372,401,0,0,1,1,the big read,
2016-08-11,"1,351",873,90,32,356,358,0,0,1,1,the big read,
2016-08-12,"1,369",915,93,35,326,318,0,0,1,1,the big read,
2016-08-13,861,596,56,21,188,48,0,0,1,1,the big read,
2016-08-14,585,366,94,20,105,9,0,0,1,1,the big read,
2016-08-15,"1,467",974,140,41,312,426,0,0,0,1,the big read,
2016-08-16,"1,523","1,059",134,25,305,414,0,0,0,1,the big read,
2016-08-17,"1,601","1,139",129,44,289,491,0,0,1,1,the big read,
2016-08-18,"1,371",948,95,33,295,379,0,0,1,1,the big read,
2016-08-19,"1,761",999,116,51,595,353,0,0,1,1,the big read,
2016-08-20,"1,327",753,127,26,421,119,0,0,1,1,the big read,
2016-08-21,743,399,106,18,220,0,0,0,1,1,the big read,
2016-08-22,"1,814","1,006",239,121,448,462,0,0,0,1,the big read,
2016-08-23,"1,743","1,157",154,49,383,445,0,0,0,1,the big read,
2016-08-24,"2,301","1,547",241,42,471,662,0,0,1,1,the big read,
2016-08-25,"1,852","1,135",56,153,508,465,0,0,1,1,the big read,
2016-08-26,"1,652","1,088",156,59,349,396,0,0,1,1,the big read,
2016-08-27,"1,129",714,98,23,294,72,0,0,1,1,the big read,
2016-08-28,947,513,118,30,286,0,0,0,1,1,the big read,
2016-08-29,954,638,109,19,188,1,0,0,0,1,the big read,
2016-08-30,"1,745","1,216",163,32,334,494,0,0,0,1,the big read,
2016-08-31,"1,926","1,249",189,71,417,441,0,0,1,1,the big read,
2016-09-01,"1,931","1,276",178,69,408,417,0,0,1,1,the big read,
2016-09-02,"1,782","1,195",157,66,364,277,0,0,1,1,the big read,
2016-09-03,"1,373",782,236,35,320,52,0,0,1,1,the big read,
2016-09-04,596,335,130,23,108,0,0,0,1,1,the big read,
2016-09-05,"2,045","1,378",236,75,356,460,1,0,0,1,the big read,
2016-09-06,"1,938","1,358",199,46,335,504,1,0,0,1,the big read,
2016-09-07,"1,645","1,147",203,31,264,503,1,0,1,1,the big read,
2016-09-08,"2,086","1,458",269,54,305,573,1,0,1,1,the big read,
2016-09-09,"1,978","1,352",255,58,313,544,1,0,1,1,the big read,
2016-09-10,"2,508","1,737",420,72,279,89,1,0,1,1,the big read,
2016-09-11,606,434,71,14,87,0,1,0,1,1,the big read,
2016-09-12,"1,816","1,322",125,34,335,745,1,0,0,1,the big read,
2016-09-13,"2,208","1,604",156,56,392,543,1,0,0,1,the big read,
2016-09-14,"2,178","1,564",136,40,438,618,1,0,1,0,,
2016-09-15,"2,000","1,391",156,55,398,591,1,0,1,0,,
2016-09-16,"1,998","1,377",147,40,434,562,1,0,1,0,,
2016-09-17,"1,292",954,103,23,212,105,1,0,1,0,,
2016-09-18,"1,275",941,98,23,213,64,1,0,1,0,,
2016-09-19,"3,977","3,253",210,39,475,"1,712",1,1,0,0,,
2016-09-20,"3,178","2,531",228,47,372,917,1,1,0,0,,
2016-09-21,"5,552","4,081",592,61,818,"1,173",1,1,1,1,bcusu welcome fair,
2016-09-22,"3,088","2,401",225,43,419,"1,314",1,1,1,0,,
2016-09-23,"2,344","1,815",139,32,358,956,1,1,1,0,,
2016-09-24,"3,806","2,712",660,39,395,167,1,1,1,1,the careers and apprenticeships show,
2016-09-25,659,417,84,9,149,0,1,1,1,0,,
2016-09-26,"5,545","4,316",134,60,"1,035","2,768",1,1,0,0,,
,,,,,,,,,,,,
,,,,,,,,,,,,
,,,,,,,,,,,,
,,,,,,,,,,,,
,,,,,,,,,,,,
,,,,,,,,,,,,
,,,,,,,,,,,,
,,,,,,,,,,,,
